driverId,constructorId,driver,team
russell,mercedes,George Russell,Mercedes
antonelli,mercedes,Andrea Kimi Antonelli,Mercedes
leclerc,ferrari,Charles Leclerc,Ferrari
hamilton,ferrari,Lewis Hamilton,Ferrari
piastri,mclaren,Oscar Piastri,McLaren
norris,mclaren,Lando Norris,McLaren
max_verstappen,red_bull,Max Verstappen,Red Bull
hadjar,red_bull,Isack Hadjar,Red Bull
lawson,rb,Liam Lawson,RB F1 Team
arvid_lindblad,rb,Arvid Lindblad,RB F1 Team
gasly,alpine,Pierre Gasly,Alpine F1 Team
colapinto,alpine,Franco Colapinto,Alpine F1 Team
bearman,haas,Oliver Bearman,Haas F1 Team
ocon,haas,Esteban Ocon,Haas F1 Team
albon,williams,Alexander Albon,Williams
sainz,williams,Carlos Sainz,Williams
bortoleto,audi,Gabriel Bortoleto,Audi
hulkenberg,audi,Nico Hülkenberg,Audi
bottas,cadillac,Valtteri Bottas,Cadillac F1 Team
perez,cadillac,Sergio Pérez,Cadillac F1 Team
alonso,aston_martin,Fernando Alonso,Aston Martin
stroll,aston_martin,Lance Stroll,Aston Martin
